x,y,z
0.016844185,-0.007957278,0.5206399
0.0435914,-0.013611959,0.9896311
0.07716395,-0.017561615,1.4605141
0.11753266,-0.022697274,1.8835051
0.17167965,-0.027844748,2.468201
0.23935865,-0.032405607,2.9625185
0.30170155,-0.040600915,3.3412917
0.37936836,-0.04518589,3.7952774
0.45881265,-0.053591084,4.357877
0.5213135,-0.062856294,4.902347
0.60115343,-0.07091361,5.504718
0.6693538,-0.0797855,5.951128
0.748125,-0.08617468,6.409671
0.8560641,-0.09301798,6.943895
0.9978672,-0.1005772,7.6191998
1.1633815,-0.11226691,8.315808
1.3517582,-0.1219717,9.039712
1.5025787,-0.12657507,9.570997
1.6878217,-0.13501377,10.162349
1.8885192,-0.14030024,10.753575
2.131858,-0.14581248,11.420357
2.4527433,-0.15273824,12.197743
2.7349496,-0.15320998,12.862121
3.0296721,-0.15353869,13.517538
3.3738587,-0.15424512,14.210678
3.6998005,-0.15421416,14.867936
4.0353394,-0.15368238,15.504083
4.4298797,-0.15358303,16.221642
4.8947883,-0.15185167,17.041418
5.302576,-0.15030625,17.745625
5.7749395,-0.14795513,18.53192
6.2574105,-0.14334115,19.306702
6.734947,-0.13860993,20.066692
7.2310157,-0.13310981,20.816832
7.7131433,-0.1269744,21.536165
8.233042,-0.12046949,22.294117
8.769082,-0.11299546,23.05124
9.311662,-0.10564259,23.799192
9.844302,-0.09799439,24.524586
10.33525,-0.09063646,25.177694
10.7545805,-0.084659636,25.724537
11.184009,-0.08031498,26.274364
11.607437,-0.07447301,26.808025
12.025077,-0.06770589,27.320772
12.419491,-0.06158306,27.788774
12.842885,-0.05397813,28.28289
13.261457,-0.047031984,28.7499
13.782734,-0.038135942,29.318224
14.307744,-0.028471312,29.867298
14.90297,-0.015563147,30.461094
15.5442505,-2.9569492e-06,31.09118
16.21862,0.016175024,31.736237
16.862516,0.035776824,32.337006
17.556576,0.060608488,32.973076
18.217144,0.08401321,33.560154
18.935768,0.10876067,34.191017
19.687822,0.13612282,34.839237
20.410004,0.16585928,35.44968
21.038187,0.19408876,35.953403
21.728626,0.22830154,36.493748
22.494211,0.26639834,37.075012
23.235323,0.3013854,37.613533
23.924507,0.33523098,38.090515
24.607306,0.36730438,38.54257
25.265345,0.40068442,38.976524
26.021894,0.44127417,39.477448
26.74965,0.47770625,39.95783
27.390102,0.5122217,40.380028
28.067974,0.5469703,40.824337
28.710182,0.5796918,41.237213
29.377651,0.61415875,41.66306
30.069786,0.64840275,42.10151
30.742147,0.6833501,42.529156
31.413542,0.717933,42.963688
32.10485,0.75331223,43.419468
32.778988,0.78950375,43.875275
33.429127,0.8237063,44.330173
34.07008,0.8560222,44.783966
34.710438,0.88740677,45.24701
35.361412,0.92088366,45.72908
36.047028,0.95571804,46.237976
36.730324,0.99288297,46.750507
37.524857,1.0348504,47.34793
38.29987,1.078009,47.935486
39.05696,1.1203564,48.514328
39.768246,1.1589578,49.062576
40.498814,1.2001189,49.62841
41.272823,1.246293,50.231907
42.032303,1.2881826,50.825527
42.88949,1.3387195,51.494175
43.66357,1.3832251,52.10535
44.411694,1.4264377,52.700363
45.09054,1.4680244,53.246155
45.814598,1.5094976,53.83015
46.496647,1.5501133,54.386547
47.201305,1.5906233,54.959217
47.88397,1.6293797,55.51634
48.6224,1.6730716,56.114513
49.367573,1.7161393,56.717064
50.13926,1.7614111,57.337807
50.89386,1.8052348,57.943634
51.63639,1.8499299,58.53631
52.402977,1.897982,59.144985
53.065254,1.9385687,59.67021
53.677856,1.9740819,60.153954
54.2767,2.009831,60.62519
54.840508,2.0439801,61.06832
55.445892,2.0804486,61.54604
56.06272,2.1172206,62.03382
56.69551,2.1562843,62.5338
57.308624,2.1941357,63.018944
57.913155,2.230867,63.49614
58.524536,2.2682889,63.980297
59.151985,2.3074744,64.477615
59.803295,2.3481362,64.99555
60.51507,2.3911982,65.56226
61.22868,2.435313,66.13198
61.956207,2.4821303,66.71739
62.74909,2.5281763,67.35348
63.461178,2.572015,67.931175
64.270775,2.6203945,68.58648
65.0536,2.6662574,69.226234
65.78541,2.7106698,69.830666
66.518,2.7552774,70.44568
67.27692,2.80022,71.0877
67.92266,2.8388557,71.64064
68.56749,2.878141,72.20601
69.17876,2.9145906,72.74725
69.766624,2.9492478,73.27383
70.324844,2.9851677,73.78725
70.92639,3.0207262,74.34804
71.51826,3.0537083,74.91302
72.13747,3.0893278,75.5151
72.75838,3.1237373,76.13346
73.44598,3.158689,76.82711
74.16243,3.193687,77.572624
74.91851,3.22796,78.37124
75.5916,3.258945,79.092514
76.26836,3.291955,79.82995
76.902214,3.3180468,80.53087
77.574135,3.3427243,81.27824
78.189064,3.3695,81.975204
78.78037,3.3968408,82.653175
79.3604,3.4231424,83.32439
79.919426,3.4508564,83.97763
80.50886,3.4814699,84.67143
81.10924,3.509236,85.38489
81.654175,3.5379157,86.03983
82.22103,3.5680475,86.72732
82.793,3.5969021,87.4229
83.318504,3.6274612,88.06987
83.82308,3.656465,88.69865
84.309105,3.683648,89.30819
84.79462,3.712118,89.92101
85.27836,3.7403963,90.533875
85.78911,3.7690356,91.18126
86.369514,3.8018484,91.91931
86.94657,3.8354046,92.66215
87.490326,3.8691757,93.364365
88.06881,3.9014335,94.111145
88.64376,3.9355216,94.86037
89.21963,3.9715722,95.61116
89.810585,4.0063624,96.38343
90.38188,4.0425506,97.13493
90.98845,4.078826,97.9295
91.606514,4.117392,98.739914
92.2366,4.156445,99.564606
92.85209,4.1951666,100.37102
93.43776,4.236059,101.13803
94.0229,4.2770615,101.90544
94.59043,4.317613,102.64872
95.22602,4.359504,103.47803
95.900536,4.403584,104.35675
96.48286,4.4432216,105.12175
97.02251,4.4837584,105.82977
97.57736,4.5251126,106.55804
98.12287,4.566083,107.27596
98.720985,4.6140637,108.06257
99.257484,4.658048,108.773476
99.78166,4.7004333,109.469246
100.30663,4.743623,110.165535
100.85522,4.787758,110.893326
101.36608,4.8300385,111.57417
101.88187,4.873022,112.26327
102.339714,4.911968,112.8795
102.825455,4.9541616,113.53747
103.37239,5.0011067,114.28327
103.91149,5.0465503,115.02325
104.44939,5.0911074,115.76198
105.07344,5.1454015,116.629295
105.73131,5.2020836,117.549095
106.34149,5.257321,118.407104
106.82552,5.301818,119.09245
107.261955,5.343597,119.71656
107.70719,5.3866057,120.36369
108.198364,5.435141,121.083115
108.64613,5.4771576,121.74064
109.08459,5.520406,122.39419
109.53008,5.565793,123.068535
109.96141,5.6093154,123.72449
110.41454,5.6589627,124.42084
110.85442,5.7091427,125.10252
111.31408,5.7592673,125.82134
111.78185,5.8125534,126.55558
112.2609,5.863798,127.30532
112.76137,5.916074,128.08972
113.235275,5.967763,128.83218
113.73033,6.022713,129.6068
114.220406,6.080738,130.37082
114.70112,6.1353974,131.11957
115.181274,6.1908164,131.86397
115.67907,6.24824,132.63237
116.196785,6.3097835,133.43062
116.73532,6.373203,134.25479
117.26693,6.436712,135.0655
117.812935,6.5017242,135.89304
118.317245,6.562235,136.65309
118.83025,6.6238766,137.4261
119.313995,6.6829495,138.15352
119.8165,6.7424603,138.90726
120.33455,6.807089,139.68872
120.8303,6.866548,140.44392
121.304054,6.922551,141.17488
121.71884,6.970798,141.83273
122.05639,7.009265,142.39162
122.40514,7.046695,142.98853
122.79149,7.0879536,143.67029
123.18508,7.1279893,144.37967
123.57807,7.166405,145.11131
123.94317,7.201694,145.81258
124.26285,7.2317924,146.44778
124.584595,7.2592735,147.09824
124.93466,7.2877426,147.81123
125.28589,7.314307,148.5519
125.62501,7.3400946,149.29382
125.96228,7.3606596,150.05739
126.29524,7.381099,150.82443
126.6279,7.3998823,151.60768
126.91824,7.413995,152.31584
127.168945,7.424577,152.95302
127.4083,7.4372125,153.54565
127.67964,7.4505215,154.20998
127.95112,7.4651027,154.88948
128.18079,7.4757137,155.49077
128.38092,7.483491,156.01442
128.70381,7.500173,156.86406
128.99582,7.5118,157.6357
129.27092,7.5221305,158.361
129.56248,7.534408,159.13426
129.85962,7.5476894,159.93242
130.13152,7.5604725,160.67369
130.40547,7.571225,161.42526
130.68443,7.58317,162.20724
130.93536,7.5903487,162.93433
131.19229,7.5945807,163.69688
131.43729,7.5994225,164.44626
131.677,7.6009216,165.20065
131.8962,7.5992956,165.91548
132.11626,7.594072,166.66446
132.31044,7.589131,167.34256
132.50443,7.581407,168.04324
132.67993,7.5734377,168.6797
132.85226,7.5630608,169.35141
133.03075,7.549447,170.07614
133.24959,7.531811,170.94989
133.46863,7.5146017,171.82706
133.70451,7.495564,172.76848
133.94618,7.475064,173.72665
134.18768,7.455574,174.68431
134.41028,7.4406805,175.57726
134.6237,7.425559,176.43008
134.84203,7.4114327,177.30658
135.08034,7.3966255,178.26082
135.31589,7.3814716,179.19728
135.55022,7.3686395,180.12428
135.78522,7.356319,181.05228
136.01805,7.3468876,181.98088
136.2353,7.3350286,182.85263
136.45235,7.323754,183.7343
136.68758,7.3100586,184.68451
136.9326,7.29651,185.6787
137.15907,7.284525,186.5973
137.38591,7.272963,187.51314
137.59102,7.2642446,188.34021
137.7711,7.2570252,189.05872
137.95215,7.2501874,189.77391
138.12923,7.246281,190.46063
138.30278,7.246559,191.11923
138.48482,7.2480087,191.7905
138.6808,7.251961,192.49359
138.8971,7.2601347,193.25427
139.11891,7.269279,194.01462
139.33707,7.2801075,194.76134
139.56113,7.2923603,195.52422
139.78888,7.3057075,196.29465
140.02692,7.320726,197.09793
140.2731,7.3353467,197.92798
140.53427,7.3523903,198.80453
140.78023,7.369144,199.62842
141.03299,7.3866215,200.4693
141.28146,7.4044776,201.29588
141.54785,7.4257045,202.1828
141.8502,7.4474316,203.1946
142.15643,7.471276,204.23114
142.48645,7.4977236,205.35678
142.80055,7.522386,206.4255
143.07329,7.5444703,207.35976
143.32948,7.5647697,208.25095
143.61523,7.5880575,209.25041
143.93262,7.611321,210.37045
144.18913,7.6309953,211.30562
144.44662,7.6492796,212.2547
144.72609,7.667231,213.29803
144.98657,7.6818314,214.29996
145.23503,7.6941476,215.26456
145.46239,7.7049346,216.15585
145.69612,7.7144313,217.07324
145.9449,7.728486,218.0643
146.16388,7.737454,218.94661
146.35393,7.744443,219.73163
146.5454,7.750541,220.52885
146.7489,7.755925,221.39098
146.95844,7.7620406,222.28348
147.17143,7.766046,223.21075
147.37775,7.7673893,224.1317
147.59595,7.766683,225.11015
147.81168,7.767496,226.08829
148.00142,7.7685213,226.95113
148.19685,7.7707963,227.8358
148.40639,7.77086,228.78372
148.60698,7.7713933,229.70189
148.80133,7.77038,230.59328
148.99681,7.770456,231.49055
149.19104,7.7717395,232.39511
149.38496,7.772058,233.30432
149.59714,7.775174,234.31067
149.82462,7.7771616,235.39288
150.04459,7.7754316,236.46725
150.26309,7.7753673,237.53145
150.43082,7.773292,238.36433
150.59496,7.7725916,239.15955
150.7873,7.7685905,240.1046
150.98154,7.765479,241.06198
151.17604,7.763214,242.03003
151.37025,7.76137,242.99965
151.5552,7.7585297,243.91667
151.73051,7.7577877,244.79056
151.90007,7.757123,245.6372
152.07387,7.7579494,246.5066
152.26071,7.7570944,247.43346
152.43881,7.757864,248.31177
152.63516,7.757466,249.27673
152.81859,7.75885,250.17982
153.00667,7.760573,251.10652
153.20619,7.763426,252.10634
153.39873,7.7636504,253.06418
153.59602,7.7645044,254.04514
153.78868,7.7647195,255.0191
153.95529,7.765685,255.87096
154.1237,7.765001,256.74582
154.28844,7.763301,257.6088
154.4363,7.759874,258.41376
154.57271,7.753549,259.19266
154.69914,7.743993,259.9649
154.81526,7.733803,260.6853
154.94565,7.7218676,261.49405
155.06964,7.7094307,262.27106
155.21469,7.695112,263.18292
155.36467,7.6798596,264.13373
155.50893,7.6672673,265.03665
155.65929,7.654618,265.9762
155.81152,7.640892,266.92065
155.96143,7.631022,267.82837
156.1136,7.6228185,268.73352
156.26215,7.617093,269.591
156.42265,7.61512,270.49854
156.58418,7.617052,271.36874
156.74821,7.6243563,272.21628
156.91753,7.6316447,273.0775
157.10506,7.6432915,274.01724
157.31128,7.6578097,275.0507
157.5337,7.6723967,276.11768
157.74045,7.6883264,277.11172
157.93637,7.7052555,278.0485
158.10056,7.720625,278.8352
158.25716,7.735676,279.57062
158.41502,7.7526903,280.30118
158.57294,7.7722626,281.03543
158.75662,7.794473,281.88696
158.93233,7.817218,282.7018
159.11913,7.839944,283.5635
159.29694,7.8613935,284.39584
159.47935,7.885181,285.26236
159.65623,7.9083,286.1095
159.82526,7.930478,286.93436
159.98308,7.9507403,287.7149
160.1409,7.9699183,288.50302
160.29741,7.989016,289.28613
160.4553,8.00666,290.09518
160.59863,8.023537,290.8543
160.73648,8.036924,291.58582
160.86835,8.047461,292.32147
160.99066,8.052951,293.04745
161.10928,8.054861,293.7806
161.22276,8.053281,294.5206
161.34492,8.046918,295.33475
161.44368,8.03949,296.02563
161.54094,8.030577,296.7253
161.63908,8.018514,297.4798
161.74516,8.004905,298.27362
161.85971,7.990889,299.13837
161.96387,7.97364,299.95035
162.06734,7.9532456,300.8079
162.1681,7.9306445,301.67242
162.27246,7.9036345,302.59735
162.37135,7.8775644,303.48956
162.47003,7.8491235,304.39948
162.5725,7.8201413,305.34933
162.67618,7.7903767,306.31238
162.78477,7.7575054,307.32278
162.89517,7.7221045,308.34232
162.99107,7.6923347,309.2617
163.07893,7.6659713,310.1333
163.17082,7.6363826,311.0644
163.27434,7.6016626,312.137
163.36443,7.5712194,313.1003
163.445,7.540747,313.99185
163.53088,7.5052996,314.93774
163.61545,7.471188,315.88788
163.69775,7.436985,316.8236
163.78073,7.4035482,317.7673
163.86174,7.370441,318.6849
163.94458,7.3371153,319.63422
164.02469,7.3043537,320.5694
164.09576,7.2748,321.41736
164.16734,7.2461944,322.2707
164.23874,7.2158117,323.1255
164.30426,7.1885915,323.92587
164.37268,7.1611624,324.74216
164.4381,7.133276,325.54727
164.5041,7.1041045,326.3606
164.57106,7.0747514,327.18515
164.64078,7.0434985,328.03986
164.70744,7.014274,328.85535
164.77655,6.9823847,329.7119
164.8521,6.9465013,330.67917
164.92357,6.9156065,331.56357
164.99435,6.887168,332.4256
165.06367,6.859087,333.26868
165.1365,6.8304195,334.13403
165.21268,6.802969,335.0246
165.28693,6.776978,335.88495
165.36043,6.752462,336.72318
165.43483,6.7287316,337.58234
165.51338,6.7024484,338.49576
165.59575,6.680939,339.4091
165.6793,6.665626,340.26447
165.76949,6.657003,341.13254
165.86104,6.6518397,341.98526
165.95528,6.6570053,342.85452
166.06018,6.6550984,343.74475
166.16537,6.6554556,344.62656
166.27841,6.656108,345.54218
166.39818,6.660441,346.51205
166.51917,6.661371,347.48175
166.64674,6.6692953,348.4763
166.77585,6.6791167,349.47223
166.91513,6.693904,350.51715
167.05643,6.7068305,351.56058
167.19456,6.721146,352.57748
167.33514,6.7397203,353.57532
167.48135,6.757043,354.6108
167.62401,6.776195,355.6054
167.76797,6.8000207,356.60776
167.91402,6.8261633,357.601
168.05779,6.8543105,358.57303
168.19356,6.8791704,359.48346
168.32336,6.907266,360.3625
168.46092,6.9382687,361.29092
168.59952,6.9664555,362.21667
168.73161,6.998653,363.0982
168.85622,7.0293193,363.9173
168.97812,7.059581,364.7167
169.10661,7.091287,365.56473
169.22762,7.124681,366.3609
169.35698,7.158055,367.20517
169.48782,7.193693,368.05438
169.62082,7.2304525,368.8995
169.7537,7.267329,369.73962
169.89413,7.307573,370.61548
170.03781,7.3494816,371.5157
170.18694,7.393592,372.44254
170.3479,7.4438047,373.4332
170.51288,7.4972143,374.43115
170.67421,7.550023,375.40088
170.838,7.611269,376.4077
170.98685,7.6643124,377.3039
171.13435,7.7202764,378.17508
171.26839,7.7768197,378.9495
171.40027,7.837666,379.69724
171.53201,7.896227,380.441
171.69171,7.967626,381.33743
171.84969,8.040471,382.22028
171.99599,8.10955,383.0491
172.14345,8.179246,383.8729
172.30232,8.25685,384.7662
172.46094,8.33383,385.6632
172.61028,8.4101,386.50253
172.74734,8.481605,387.27054
172.8913,8.556574,388.07394
173.02914,8.632503,388.8467
173.19318,8.71941,389.75104
173.35976,8.807274,390.66907
173.52376,8.897715,391.5604
173.6809,8.988714,392.4032
173.83975,9.079764,393.2488
173.99837,9.172675,394.08
174.15512,9.2647915,394.89838
174.33179,9.372535,395.8263
174.51488,9.485152,396.77658
174.69028,9.593192,397.6715
174.86234,9.701894,398.55243
175.02939,9.806887,399.39902
175.1938,9.910338,400.2145
175.36397,10.017815,401.05368
175.55806,10.139198,402.0092
175.75769,10.262774,402.96466
175.95511,10.3870125,403.88898
176.16261,10.5163355,404.84247
176.3866,10.659486,405.84326
176.58626,10.784734,406.70166
176.76991,10.902601,407.46985
176.94582,11.012432,408.18362
177.14198,11.13798,408.97058
177.35747,11.278276,409.81494
177.55821,11.410843,410.56824
177.77702,11.557816,411.3783
178.00905,11.717265,412.21234
178.25133,11.8834305,413.05392
178.48114,12.044389,413.83896
178.70346,12.202753,414.58685
178.91302,12.351772,415.28012
179.13643,12.519693,416.0232
179.38184,12.719226,416.84552
179.63087,12.957851,417.70715
179.87854,13.154046,418.49518
180.09908,13.342257,419.19635
180.35306,13.551152,419.98853
180.60356,13.756945,420.7583
180.87718,13.983856,421.58636
181.16533,14.221876,422.44327
181.46133,14.481589,423.3199
181.76973,14.74328,424.2083
182.10742,15.026921,425.171
182.44194,15.310067,426.1082
182.7526,15.573856,426.95682
183.08264,15.856904,427.847
183.39825,16.122982,428.68213
183.71056,16.386295,429.49756
184.00989,16.637938,430.2697
184.29437,16.876919,430.99075
184.57132,17.110737,431.68408
184.84688,17.342768,432.3587
185.13432,17.585825,433.04245
185.42773,17.835941,433.72766
185.73549,18.096836,434.43024
186.0369,18.351492,435.097
186.325,18.598408,435.73517
186.63863,18.864315,436.40323
186.94875,19.129892,437.04498
187.24786,19.387094,437.64795
187.53157,19.632252,438.2009
187.83887,19.89665,438.7858
188.15424,20.168566,439.37888
188.49982,20.465775,440.0116
188.87067,20.78621,440.67438
189.23903,21.105606,441.31967
189.65298,21.46436,442.04166
190.08707,21.841015,442.79062
190.49556,22.194513,443.4877
190.89848,22.542328,444.1704
191.28525,22.877417,444.82742
191.6447,23.187704,445.42783
191.97922,23.476912,445.9854
192.3705,23.812855,446.63605
192.76764,24.1548,447.30142
193.11311,24.455889,447.88937
193.41704,24.7177,448.42392
193.76627,25.020128,449.03394
194.10092,25.309542,449.62247
194.5148,25.669,450.35312
194.90942,26.009836,451.048
195.31491,26.358814,451.76096
195.72244,26.711542,452.47647
196.13005,27.063221,453.19308
196.55077,27.426035,453.9314
196.9722,27.7885,454.66885
197.38188,28.14006,455.385
197.7774,28.479681,456.0772
198.205,28.848145,456.82852
198.60461,29.192839,457.53247
198.96465,29.501211,458.1595
199.31999,29.803926,458.76767
199.65631,30.092571,459.31772
200.0088,30.393103,459.87265
200.37582,30.702303,460.43823
200.75343,31.025354,461.01648
201.16759,31.37539,461.6174
201.64734,31.782679,462.2954
202.07793,32.146915,462.8764
202.4805,32.48865,463.3993
202.7976,32.756615,463.79883
203.12544,33.034687,464.20108
203.41641,33.28073,464.5313
203.75984,33.574726,464.9212
204.11661,33.88081,465.31836
204.4783,34.190582,465.71097
204.81525,34.480907,466.0632
205.14151,34.75915,466.38596
205.48888,35.05574,466.7202
205.87585,35.3872,467.0943
206.28017,35.73629,467.4897
206.80042,36.185673,468.00836
207.35957,36.66974,468.56952
207.79698,37.04769,469.01425
208.17563,37.375168,469.40295
208.54805,37.69434,469.77243
208.83995,37.9469,470.07315
209.27478,38.321487,470.52988
209.74644,38.727013,471.03943
210.24564,39.15216,471.58313
210.77452,39.59794,472.17706
211.23587,39.992275,472.71188
211.69861,40.383934,473.2574
212.12544,40.75156,473.78006
212.57889,41.134705,474.34448
212.98837,41.47974,474.8719
213.29422,41.74022,475.2806
213.6288,42.019463,475.73087
213.90723,42.254204,476.1223
214.1882,42.48683,476.52878
214.49399,42.741913,476.97366
214.77812,42.97854,477.39783
215.03513,43.188423,477.7951
215.3287,43.43107,478.2603
215.50526,43.57443,478.5513
215.75293,43.7775,478.9477
215.96373,43.95247,479.282
216.21968,44.160736,479.71167
216.48361,44.37609,480.15814
216.76974,44.61086,480.64774
217.0599,44.84741,481.15363
217.32706,45.06449,481.62006
217.58638,45.2749,482.08694
217.8346,45.475697,482.55542
218.09457,45.684566,483.0704
218.35452,45.892212,483.6103
218.58052,46.0741,484.08594
218.85022,46.286808,484.6629
219.13214,46.507633,485.2983
219.44064,46.747795,486.00244
219.77858,47.00977,486.77798
220.05524,47.22324,487.43356
220.32802,47.43095,488.09476
220.59668,47.63407,488.7557
220.88889,47.84949,489.49597
221.22665,48.101288,490.3644
221.51149,48.30883,491.11444
221.75858,48.485905,491.78525
222.00099,48.657825,492.4534
222.2434,48.826168,493.15784
222.4845,48.99153,493.8879
222.64482,49.094376,494.43338
222.88222,49.25074,495.19315
223.18715,49.448967,496.16113
223.4864,49.643265,497.11502
223.76538,49.829548,498.01562
224.06897,50.029083,498.98663
224.35379,50.218548,499.9037
224.65022,50.41566,500.86298
224.90567,50.585728,501.6894
225.13364,50.738884,502.43796
225.40102,50.917007,503.31857
225.66833,51.095833,504.2064
225.91179,51.259132,505.0173
226.1604,51.425323,505.85452
226.40038,51.58675,506.66782
226.66878,51.764282,507.57684
226.92361,51.93384,508.43695
227.16833,52.098167,509.26962
227.44186,52.282463,510.19742
227.7164,52.470345,511.1199
227.9832,52.65459,512.00024
228.25655,52.84843,512.89325
228.51582,53.02866,513.7366
228.78256,53.21671,514.6023
229.01366,53.383434,515.34827
229.23817,53.543423,516.0614
229.48306,53.721474,516.8339
229.72533,53.898067,517.58813
229.9708,54.079716,518.3576
230.23453,54.279682,519.17883
230.50432,54.481907,520.00134
230.77377,54.69207,520.8167
231.01462,54.883747,521.52606
231.24017,55.06643,522.1949
231.45383,55.239506,522.8188
231.67415,55.418224,523.45355
231.90599,55.60838,524.10443
232.15125,55.813675,524.7825
232.41815,56.038246,525.5099
232.68723,56.26685,526.2349
233.01385,56.550766,527.0797
233.31186,56.81364,527.8374
233.6456,57.109016,528.6637
233.97786,57.401283,529.4748
234.31538,57.701305,530.2828
234.64116,57.993137,531.0525
234.98419,58.301468,531.8564
235.34851,58.63561,532.6858
235.70232,58.96142,533.4551
236.01414,59.253906,534.12067
236.36464,59.58616,534.8114
236.67577,59.883736,535.40686
237.01167,60.210155,536.0132
237.34445,60.53354,536.5944
237.67496,60.859108,537.143
238.01945,61.201862,537.69434
238.37196,61.549877,538.23773
238.74715,61.92802,538.78894
239.14186,62.326298,539.3567
239.55527,62.744427,539.9394
240.03189,63.232643,540.5989
240.57405,63.787598,541.32794
241.09157,64.31523,542.0085
241.56172,64.79695,542.6235
242.06529,65.31364,543.28033
242.59729,65.86219,543.9716
243.1431,66.42621,544.67816
243.66705,66.965126,545.3531
244.14626,67.46178,545.9691
244.65298,67.98622,546.61383
245.20404,68.55796,547.31506
245.7521,69.129944,548.01215
246.25298,69.65527,548.6494
246.80898,70.23997,549.35
247.33209,70.79239,550.0118
247.93704,71.43111,550.76996
248.50131,72.02876,551.482
249.06128,72.61918,552.18085
249.64578,73.23651,552.90784
250.15808,73.778015,553.5468
250.6512,74.302986,554.1637
251.13261,74.81524,554.7658
251.60065,75.31573,555.35034
252.08673,75.83099,555.95447
252.555,76.33103,556.5374
253.06386,76.87361,557.17084
253.58696,77.43043,557.81836
254.10315,77.97745,558.4536
254.62218,78.52947,559.09314
255.13724,79.0814,559.72955
255.67645,79.65844,560.39087
256.18658,80.20253,561.01654
256.6753,80.72592,561.6161
257.1718,81.257866,562.22156
257.64175,81.7622,562.79565
258.09018,82.24253,563.3418
258.60492,82.7936,563.96814
259.17697,83.40458,564.66003
259.75424,84.02101,565.35944
260.2953,84.60322,566.01373
260.87592,85.22744,566.7137
261.55988,85.961075,567.53674
262.17685,86.62318,568.27893
262.76157,87.25535,568.9872
263.4592,88.00507,569.8286
264.09064,88.68931,570.5942
264.7376,89.38445,571.3706
265.3361,90.03506,572.09467
265.93185,90.68699,572.8164
266.52878,91.34149,573.5408
267.15967,92.029045,574.29816
267.8065,92.73677,575.0774
268.42902,93.415,575.82434
268.99545,94.04141,576.5115
269.52643,94.62609,577.153
270.07138,95.23122,577.813
270.62125,95.84001,578.4758
271.16873,96.44489,579.1327
271.7239,97.05927,579.8008
272.2757,97.66914,580.4633
272.85178,98.3054,581.1514
273.44427,98.96476,581.8685
274.06055,99.6551,582.611
274.64996,100.31069,583.3197
275.32523,101.07007,584.1359
275.94595,101.76649,584.88336
276.50827,102.401405,585.56885
277.12582,103.09516,586.32
277.71198,103.75344,587.0339
278.28143,104.39993,587.733
278.8617,105.05766,588.4487
279.45425,105.72363,589.17596
280.14963,106.50099,590.0258
280.7931,107.22568,590.81793
281.45416,107.968475,591.6266
282.0983,108.6883,592.42175
282.74997,109.424614,593.23035
283.40552,110.16478,594.0436
284.05283,110.89157,594.8413
284.6331,111.54603,595.56085
285.2851,112.27918,596.36914
285.90097,112.964294,597.12616
286.52655,113.66582,597.90027
287.1307,114.34557,598.64667
287.76822,115.067444,599.43494
288.32172,115.69123,600.11865
288.87405,116.31428,600.7998
289.51434,117.04576,601.5943
290.117,117.72846,602.3397
290.68753,118.37748,603.04675
291.28308,119.055016,603.785
291.87286,119.726845,604.51373
292.48428,120.417465,605.26776
293.0614,121.07742,605.98456
293.68076,121.783455,606.751
294.34814,122.54792,607.57513
294.9233,123.20351,608.27954
295.54285,123.91402,609.0382
296.12564,124.581825,609.7528
296.72375,125.26907,610.48364
297.2991,125.9294,611.1914
297.8514,126.55903,611.86914
298.41418,127.2051,612.5619
298.9906,127.86621,613.2706
299.57263,128.53174,613.9861
300.1116,129.14983,614.6474
300.64474,129.76463,615.30304
301.21545,130.42287,616.00665
301.7878,131.07886,616.7104
302.308,131.67577,617.3499
302.81738,132.26256,617.97876
303.31448,132.83281,618.58984
303.85413,133.45338,619.2529
304.40475,134.08772,619.9298
304.88242,134.63878,620.5171
305.2665,135.08163,620.98706
305.62003,135.48997,621.41547
305.8995,135.81078,621.75433
306.1761,136.12744,622.0876
306.4853,136.48314,622.46216
306.77036,136.81503,622.77954
307.0433,137.1436,623.0569
307.36063,137.51935,623.38824
307.70435,137.9251,623.75775
307.9957,138.2792,624.0353
308.33896,138.69917,624.3448
308.67615,139.12148,624.61957
308.97467,139.49849,624.8563
309.24408,139.83737,625.0582
309.5476,140.2255,625.2882
309.86273,140.63046,625.5211
310.14233,140.99704,625.71533
310.37225,141.30103,625.86475
310.6754,141.69968,626.05707
310.9466,142.06105,626.20856
311.2631,142.4885,626.3753
311.52737,142.84804,626.5053
311.8077,143.23685,626.62573
312.0679,143.60329,626.7282
312.3,143.93526,626.81055
312.51724,144.24619,626.87415
312.7034,144.52063,626.9169
312.93597,144.86217,626.9635
313.25497,145.33394,627.0355
313.58478,145.82645,627.09515
313.87982,146.265,627.1417
314.2037,146.7577,627.1701
314.5098,147.2246,627.1929
314.84912,147.74605,627.20105
315.19357,148.28142,627.194
315.56604,148.85994,627.1858
315.88217,149.35472,627.1642
316.17487,149.81822,627.13617
316.53574,150.39005,627.10034
316.86633,150.91725,627.06
317.23602,151.5087,627.0132
317.58173,152.06161,626.9604
317.96536,152.68367,626.89294
318.32214,153.2682,626.81726
318.69257,153.87828,626.7316
319.09964,154.55002,626.63025
319.43396,155.10611,626.5364
319.76154,155.65689,626.43085
320.0957,156.21942,626.319
320.49963,156.90714,626.17755
320.89935,157.59041,626.0312
321.28647,158.25423,625.87897
321.66556,158.90887,625.71423
322.05383,159.58197,625.5378
322.49072,160.33832,625.3405
322.94797,161.13644,625.13245
323.39572,161.92213,624.9264
323.86655,162.75037,624.7072
324.35535,163.60742,624.48285
324.83936,164.45798,624.26086
325.2759,165.22456,624.06323
325.66626,165.91089,623.894
326.03574,166.56075,623.7394
326.46725,167.31764,623.56525
326.92004,168.10649,623.3866
327.41016,168.95665,623.1957
327.88373,169.77844,623.0111
328.36377,170.60977,622.8252
328.89325,171.53401,622.6193
329.4551,172.51302,622.4038
330.01843,173.49992,622.18933
330.55222,174.43678,621.988
331.05423,175.33022,621.7999
331.5199,176.14748,621.6296
331.96048,176.92082,621.46967
332.3894,177.67792,621.31757
332.7994,178.40741,621.17316
333.25186,179.20628,621.0155
333.6748,179.95544,620.86676
334.11514,180.733,620.71216
334.53464,181.4762,620.5629
334.93866,182.19362,620.4195
335.33276,182.89331,620.28125
335.74658,183.62804,620.1366
336.14566,184.33418,619.99603
336.53656,185.02785,619.85986
336.95764,185.77519,619.71375
337.36172,186.49333,619.5752
337.75952,187.19865,619.4403
338.18765,187.95795,619.2944
338.62732,188.73732,619.1457
339.06937,189.52267,618.9965
339.49622,190.2819,618.8524
339.93127,191.0532,618.7056
340.35187,191.80542,618.5615
340.78073,192.56833,618.41394
341.20062,193.31519,618.26746
341.6113,194.05,618.1227
342.0024,194.75098,617.9828
342.39316,195.45079,617.84235
342.79492,196.17032,617.6977
343.2299,196.94667,617.54065
343.63983,197.68237,617.3925
344.0535,198.42604,617.24347
344.46765,199.1732,617.0961
344.9285,200.00397,616.9339
345.3721,200.80487,616.77545
345.84122,201.65106,616.609
346.29974,202.47453,616.4457
346.7492,203.2794,616.28735
347.19995,204.08884,616.12714
347.64584,204.88615,615.9694
348.09433,205.68849,615.8084
348.55423,206.5136,615.64233
348.97476,207.2693,615.4894
349.38138,208.00023,615.34
349.7909,208.73488,615.18933
350.20367,209.47658,615.03925
350.62918,210.2415,614.88367
351.04904,210.99596,614.72723
351.47812,211.7659,614.5662
351.88266,212.49205,614.41113
352.25055,213.15677,614.2632
352.63168,213.84627,614.109
353.0554,214.61052,613.9376
353.44617,215.3194,613.77936
353.82486,216.00624,613.6231
354.2139,216.71292,613.46326
354.60135,217.41924,613.304
354.97958,218.10649,613.1483
355.3433,218.76913,612.99774
355.70502,219.42776,612.8468
356.0704,220.09169,612.69586
356.44678,220.77649,612.53973
356.82718,221.46664,612.38257
357.18994,222.12695,612.2331
357.50757,222.7093,612.0927
357.85464,223.34569,611.9396
358.194,223.96884,611.786
358.5094,224.55038,611.63855
358.87152,225.2181,611.4695
359.2276,225.87875,611.29803
359.60553,226.5818,611.11414
359.98062,227.2797,610.92926
360.36447,227.99722,610.73987
360.74527,228.7094,610.5502
361.12018,229.41144,610.35895
361.50363,230.13113,610.16284
361.88782,230.85432,609.96466
362.28967,231.6083,609.75684
362.69513,232.37152,609.5467
363.08868,233.11104,609.3426
363.47812,233.84015,609.13904
363.8713,234.57875,608.93304
364.2602,235.30612,608.7297
364.6567,236.04446,608.52234
365.0576,236.79088,608.31396
365.4549,237.53064,608.1079
365.83752,238.24657,607.9121
366.21878,238.95586,607.7181
366.60107,239.66649,607.5337
366.96634,240.3467,607.368
367.30508,240.96399,607.2247
367.7231,241.71375,607.06494
368.14856,242.47159,606.9133
368.58212,243.23265,606.76965
368.9499,243.87515,606.6538
369.33362,244.54047,606.5368
369.72406,245.22147,606.424
370.11664,245.90396,606.3113
370.52148,246.60574,606.1961
370.93576,247.32336,606.07794
371.35577,248.05005,605.9572
371.79022,248.80289,605.83234
372.25015,249.60193,605.69794
372.73312,250.44243,605.5558
373.1714,251.20705,605.42566
373.60544,251.9663,605.2947
374.04102,252.73166,605.1612
374.48453,253.51523,605.0234
374.92505,254.29391,604.88605
375.37537,255.09093,604.74445
375.78424,255.81978,604.61194
376.21194,256.58514,604.4695
376.6442,257.3603,604.3234
377.05356,258.10114,604.18274
377.49054,258.8926,604.0293
377.9326,259.693,603.87134
378.36838,260.48697,603.71466
378.79544,261.27023,603.5584
379.25067,262.10403,603.3919
379.70038,262.92883,603.22833
380.09558,263.65564,603.08264
380.48715,264.3808,602.93585
380.86493,265.0839,602.7919
381.26257,265.82764,602.6374
381.67554,266.6029,602.47375
382.0355,267.28394,602.32715
382.40274,267.98676,602.172
382.76865,268.69254,602.01
383.13406,269.4048,601.8417
383.46658,270.06305,601.6766
383.79422,270.7179,601.5072
384.1168,271.3673,601.3319
384.45078,272.04233,601.1453
384.81488,272.78586,600.9361
385.1996,273.57742,600.71063
385.58823,274.3803,600.4797
385.97537,275.1839,600.2458
386.36115,275.98813,600.009
386.7397,276.78207,599.77454
387.13754,277.6188,599.5261
387.51422,278.41553,599.2882
387.88837,279.20578,599.05164
388.2765,280.02933,598.8022
388.65643,280.8373,598.5578
389.03992,281.6563,598.3091
389.3937,282.41428,598.0776
389.75003,283.17908,597.8436
390.09824,283.93207,597.61145
390.4478,284.68918,597.3757
390.81503,285.48486,597.1266
391.17996,286.27707,596.8777
391.54556,287.0736,596.62634
391.90927,287.86835,596.3753
392.26794,288.65283,596.1271
392.61636,289.41818,595.88525
392.97433,290.20718,595.6356
393.3396,291.01163,595.37946
393.73047,291.8693,595.10406
394.12003,292.7278,594.8287
394.5058,293.57843,594.5563
394.89508,294.43784,594.28076
395.2729,295.2735,594.01324
395.63757,296.08148,593.75464
396.0034,296.8895,593.4938
396.35925,297.68127,593.23773
396.741,298.54654,592.9593
397.10718,299.37518,592.6898
397.457,300.1672,592.4326
397.81494,300.98145,592.1694
398.18585,301.8207,591.896
398.5444,302.63657,591.6293
398.9117,303.47336,591.35474
399.2715,304.29517,591.08575
399.64478,305.1497,590.8039
400.05035,306.08133,590.4941
400.4244,306.94577,590.2084
400.79617,307.80698,589.92163
401.14844,308.62,589.65045
401.51538,309.47055,589.36743
401.88068,310.32382,589.08325
402.26266,311.21024,588.78467
402.65793,312.1338,588.47437
403.0238,312.98975,588.1871
403.38644,313.83987,587.9014
403.74478,314.68323,587.6168
404.12823,315.58508,587.3116
404.52304,316.51288,586.9951
404.9315,317.47897,586.66504
405.34445,318.45734,586.32904
405.72177,319.35712,586.0198
406.11923,320.30823,585.69073
406.51083,321.24258,585.366
406.87238,322.10678,585.06464
407.24597,323.0044,584.75104
407.59653,323.85074,584.4561
407.9394,324.68036,584.1659
408.29834,325.54404,583.8629
408.65372,326.40717,583.5603
409.0088,327.2676,583.2558
409.39032,328.18738,582.9296
409.74445,329.04486,582.62604
410.11255,329.9368,582.309
410.46234,330.78754,582.007
410.8199,331.65488,581.6974
411.18793,332.54684,581.3803
411.5398,333.39963,581.079
411.9068,334.2936,580.7638
412.28748,335.21756,580.4346
412.66187,336.1229,580.1118
413.04242,337.036,579.78674
413.39407,337.88922,579.4825
413.74896,338.7517,579.1768
414.09433,339.5913,578.87634
414.4516,340.4608,578.5664
414.79434,341.2951,578.2691
415.14017,342.1416,577.96735
415.4927,343.00247,577.65826
415.83893,343.8467,577.355
416.17566,344.6765,577.05914
416.5151,345.5097,576.758
416.85754,346.35132,576.4557
417.19644,347.18542,576.1546
417.51804,347.9804,575.8683
417.85117,348.80417,575.5702
418.17392,349.60696,575.2797
418.50293,350.423,574.9833
418.81696,351.20578,574.6975
419.12646,351.9838,574.41254
419.45126,352.79398,574.11505
419.78305,353.6268,573.80884
420.09875,354.4232,573.5157
420.42053,355.23773,573.2134
420.75458,356.0828,572.8996
421.07587,356.90118,572.5931
421.3803,357.6805,572.3022
421.68747,358.46964,572.005
421.97842,359.2238,571.7214
422.27237,359.9866,571.4331
422.56152,360.7421,571.14636
422.85257,361.50336,570.85614
423.12433,362.21786,570.58136
423.4009,362.94852,570.3001
423.68637,363.70676,570.0058
423.96613,364.45148,569.7156
424.2411,365.18872,569.4273
424.50296,365.89517,569.1495
424.77628,366.6337,568.8587
425.04138,367.3552,568.5724
425.30557,368.08002,568.2845
425.5744,368.8221,567.9879
425.82733,369.52548,567.7051
426.08322,370.2418,567.41516
426.34222,370.97302,567.11957
426.60876,371.72592,566.81287
426.8605,372.44153,566.5191
427.1158,373.17255,566.2189
427.3625,373.8795,565.9287
427.61554,374.6077,565.62756
427.87692,375.3596,565.31635
428.12564,376.0824,565.0163
428.37262,376.8013,564.71643
428.6255,377.5431,564.4061
428.88513,378.30298,564.0866
429.11926,378.99576,563.79456
429.37485,379.75586,563.4732
429.63333,380.52774,563.14355
429.88785,381.28864,562.8181
430.13892,382.0414,562.4955
430.3916,382.8028,562.16943
430.63782,383.55374,561.847
430.87384,384.27814,561.5359
431.1122,385.01242,561.2202
431.34937,385.74695,560.8993
431.58087,386.4735,560.5831
431.81955,387.22617,560.2549
432.05276,387.96066,559.9326
432.28455,388.6972,559.6088
432.5248,389.45837,559.2729
432.75198,390.1849,558.95276
432.98132,390.92056,558.6283
